Nombre,Identificacion,Fuente
Nombre apellido1,1111111111,1
Nombre apellido2,2222222222,2
Nombre apellido3,3333333333,3
Nombre apellido4,4444444444,4
Nombre apellido5,5555555555,5
Nombre apellido6,6666666666,6
Nombre apellido7,7777777777,7
Nombre apellido8,8888888888,8
Nombre apellido9,9999999999,9
Nombre apellido10,11111111110,10
Nombre apellido11,12222222221,11
Nombre apellido12,13333333332,12
Nombre apellido13,14444444443,13
Nombre apellido14,15555555554,14
Nombre apellido15,16666666665,15
Nombre apellido16,17777777776,16
Nombre apellido17,18888888887,17
Nombre apellido18,19999999998,18
Nombre apellido19,21111111109,19
Nombre apellido20,22222222220,20
